cluster_id,num_items,list_combined_keys
0,222,"['Espring__DE__B0857JT2ZP' 'H&S__UK__B07PPM6WDZ' 'Tritart__IT__B08Q42K5PK'
 'Espring__IT__B0857K4ZDQ' 'Tritart__ES__B08Q42K5PK'
 'Tritart__DE__B07D3RXR76' 'H&S__UK__B07DW2WX4N' 'H&S__ES__B07DW4QJX7'
 'Tritart__DE__B08Q449TCF' 'H&S__DE__B07KV8NYBN' 'Tritart__UK__B073ZN6SH9'
 'H&S__ES__B0788Z6RBV' 'H&S__DE__B07KV8ZB91' 'Espring__UK__B0857K4ZDQ'
 'Tritart__ES__B072P2MH3T' 'Tritart__DE__B083DJDRT1'
 'Espring__ES__B01HMJ2LQW' 'Espring__DE__B01HMJ2LQW'
 'Espring__DE__B085F37HBC' 'Tritart__IT__B01LIQ82OA'
 'Tritart__IT__B07XMCL1C2' 'H&S__ES__B07JHGCQPR' 'Tritart__DE__B07TGFSLCB'
 'H&S__DE__B07JHGCQPR' 'H&S__IT__B07TDLK5W3' 'H&S__ES__B07W51S61C'
 'Espring__IT__B07PPT27PH' 'H&S__DE__B07VNGCG2J' 'Tritart__DE__B08Q34XNJF'
 'H&S__DE__B07DW2WX4N' 'H&S__DE__B07D72GCWP' 'Tritart__IT__B0829BCTTX'
 'Tritart__IT__B07SWX3J6S' 'Espring__IT__B085F37HBC' 'H&S__US__B07W51S61C'
 'Tritart__ES__B07DGKQ896' 'Espring__UK__B085F37HBC' 'H&S__US__B07TDLK5W3'
 'Espring__ES__B085F3767Z' 'Espring__IT__B085F3767Z' 'H&S__UK__B07VNGCG2J'
 'H&S__DE__B00BBL0OPS' 'Tritart__ES__B01LIQ82OA' 'H&S__IT__B07JZD2S4S'
 'Espring__DE__B0857K4ZDQ' 'Tritart__DE__B083DHG56N'
 'Tritart__DE__B07V2NRTWB' 'H&S__ES__B07PPM6WDZ' 'Tritart__DE__B07DJQ81QT'
 'H&S__US__B07JHGCQPR' 'Tritart__DE__B07VYSC1NR' 'Tritart__UK__B082KJ7M34'
 'H&S__DE__B078PYYXBH' 'Tritart__DE__B08Q3PLB3F' 'H&S__ES__B00FAZ6L4Y'
 'Tritart__DE__B07WDCV13B' 'Espring__DE__B0847SXNVQ'
 'Espring__DE__B07QC7DM54' 'Espring__DE__B06X6G3FP1' 'H&S__DE__B01LMKPSGM'
 'H&S__DE__B07JZD2S4S' 'Espring__DE__B01BH6XFG6' 'Tritart__IT__B07WFHKFCN'
 'H&S__IT__B0788Z6RBV' 'Tritart__DE__B07XYX7Y43' 'H&S__IT__B07JHGCQPR'
 'H&S__IT__B07DW2WX4N' 'Espring__ES__B0857K4ZDQ' 'Tritart__DE__B07WHHH7CY'
 'Tritart__DE__B07WHJ3D89' 'Espring__DE__B01MSMAO37' 'H&S__IT__B07D72GCWP'
 'H&S__US__B07RQJJ9VX' 'H&S__UK__B01LMKPSGM' 'Espring__UK__B01BH6XFG6'
 'Espring__ES__B01BH6XFG6' 'H&S__IT__B07W51S61C' 'Espring__UK__B0857K4H2V'
 'Espring__DE__B07PPT27PH' 'Tritart__ES__B074SXX9J9'
 'Tritart__DE__B092PW7WF9' 'Tritart__ES__B07WFHKFCN'
 'Tritart__DE__B08FQWZDQP' 'H&S__UK__B00BBL0OPS' 'Tritart__DE__B092D6LYT3'
 'H&S__ES__B07D72GCWP' 'Espring__DE__B0847TF6T1' 'Tritart__PL__B07SWX3J6S'
 'Tritart__DE__B08Q3MTGFH' 'Tritart__IT__B07YSCWK2F'
 'Tritart__ES__B07SWX3J6S' 'H&S__ES__B07KV8NYBN' 'H&S__UK__B078PY739S'
 'Tritart__DE__B08Q45WM7G' 'H&S__ES__B07JZD2S4S' 'H&S__ES__B07KV8ZB91'
 'Espring__DE__B0857K4H2V' 'H&S__DE__B07TDLK5W3' 'H&S__DE__B07PPM6WDZ'
 'Espring__DE__B0847TJHB1' 'H&S__UK__B07W51S61C' 'H&S__IT__B078PY739S'
 'Tritart__DE__B08299Z7PM' 'H&S__US__B07KV8ZB91' 'H&S__US__B0788Z6RBV'
 'Espring__DE__B085F3767Z' 'H&S__DE__B07DW4QJX7' 'H&S__US__B07TQS7PDP'
 'Tritart__ES__B07YSCWK2F' 'H&S__IT__B07TQS7PDP' 'Tritart__DE__B07WFHLD7G'
 'Tritart__US__B073ZN6SH9' 'H&S__IT__B07DW4QJX7' 'Espring__DE__B017L0A6K0'
 'Espring__IT__B01MQIXA4C' 'H&S__IT__B07VNGCG2J' 'H&S__ES__B078PYYXBH'
 'Tritart__DE__B07VYRT4T5' 'Tritart__DE__B07DGKQ896'
 'Tritart__DE__B07QQVMXW5' 'Espring__DE__B084BZWGHC' 'H&S__ES__B07TDLK5W3'
 'H&S__ES__B00BBL0OPS' 'Tritart__PL__B08FQWZDQP' 'H&S__US__B07DW2WX4N'
 'H&S__UK__B07KV8ZB91' 'Espring__ES__B08NC1SV16' 'Espring__IT__B06X6G3FP1'
 'H&S__IT__B07KV8NYBN' 'H&S__US__B00FAZ6L4Y' 'Espring__DE__B0857JRBR2'
 'H&S__UK__B07D72GCWP' 'Tritart__ES__B0829BCTTX' 'Tritart__DE__B07WHKPSYX'
 'H&S__IT__B01LMKPSGM' 'H&S__UK__B07JHGCQPR' 'H&S__IT__B00FAZ6L4Y'
 'Espring__ES__B07QC7DM54' 'Tritart__DE__B08Q42K5PK'
 'Tritart__PL__B074SXX9J9' 'Tritart__DE__B08Q46G2CG'
 'Tritart__DE__B01LIQ82OA' 'Tritart__ES__B07XMCL1C2' 'H&S__US__B07D72GCWP'
 'Tritart__DE__B073ZN6SH9' 'Espring__DE__B08PFTKQRB' 'H&S__DE__B07W51S61C'
 'H&S__ES__B07DW2WX4N' 'Tritart__ES__B073D5CMT8' 'H&S__US__B07DW4QJX7'
 'Tritart__DE__B08Q44G5ZH' 'Tritart__DE__B07SWX3J6S'
 'Espring__IT__B084BZWGHC' 'Espring__IT__B08PFTKQRB'
 'Tritart__DE__B074SXX9J9' 'Tritart__DE__B07WFHKFCN'
 'Espring__IT__B01HMJ2LQW' 'Tritart__DE__B08Q46SPCB' 'H&S__US__B00MVG3X6Y'
 'Tritart__DE__B082KJ7M34' 'Tritart__UK__B073ZMSSND'
 'Tritart__DE__B01DSCC1Y4' 'H&S__US__B07PPM6WDZ' 'H&S__US__B01LMKPSGM'
 'Tritart__DE__B08Q43R7MK' 'Tritart__DE__B01N5EAVIA'
 'Tritart__DE__B07P4362J2' 'Espring__UK__B0857JRBR2'
 'Tritart__ES__B073ZMSSND' 'H&S__UK__B07JZD2S4S' 'H&S__DE__B0788Z6RBV'
 'Espring__ES__B017L0A6K0' 'H&S__UK__B07RQJJ9VX' 'Tritart__DE__B092D82RGQ'
 'Tritart__DE__B07YSCWK2F' 'Tritart__DE__B08Q47YQBG'
 'Espring__ES__B0857JRBR2' 'Tritart__DE__B07WJNGG8J'
 'Tritart__DE__B0829BCTTX' 'H&S__DE__B00FAZ6L4Y' 'H&S__US__B07VNGCG2J'
 'Tritart__DE__B07PZW2DH7' 'Espring__IT__B017L0A6K0' 'H&S__UK__B07KV8NYBN'
 'Tritart__IT__B074SXX9J9' 'Espring__DE__B018ZBRFOY' 'H&S__IT__B078PYYXBH'
 'Tritart__DE__B0829B5PR6' 'Espring__IT__B08PFSNDF7'
 'Tritart__DE__B07WK1M7Y8' 'Tritart__PL__B01LIQ82OA' 'H&S__UK__B07TDLK5W3'
 'Tritart__DE__B072P2MH3T' 'Espring__ES__B01MSMAO37'
 'Espring__DE__B08PFSNDF7' 'Tritart__DE__B08FQTDNRC'
 'Tritart__ES__B07XYX7Y43' 'Tritart__UK__B07XMCM4B4'
 'Tritart__PL__B07DJQ81QT' 'Tritart__DE__B073ZMSSND'
 'Tritart__IT__B073ZMSSND' 'Tritart__PL__B073ZMSSND'
 'Espring__DE__B0857JKTZL' 'Espring__DE__B0847THKYH' 'H&S__ES__B01LMKPSGM'
 'Espring__ES__B084BZWGHC' 'H&S__US__B07JZD2S4S' 'H&S__DE__B078PY739S'
 'H&S__ES__B07VNGCG2J' 'H&S__UK__B07TQS7PDP' 'H&S__ES__B078PY739S'
 'H&S__DE__B07TQS7PDP' 'H&S__IT__B00BBL0OPS' 'Tritart__IT__B07DGKQ896'
 'Tritart__DE__B08Q3F1Z1N' 'H&S__IT__B07KV8ZB91' 'H&S__UK__B0788Z6RBV'
 'H&S__ES__B07TQS7PDP' 'H&S__UK__B078PYYXBH' 'Tritart__DE__B07TZHYZ1N'
 'Tritart__DE__B07CZMTRJ8' 'H&S__UK__B00FAZ6L4Y']"
1,166,"['H&S__IT__B00NBCCR0A' 'H&S__UK__B07JHNHW2K' 'H&S__US__B07WTXZ2JC'
 'H&S__ES__B071LJBPNT' 'H&S__ES__B07DPTK7FG' 'Espring__UK__B01HXOSRYG'
 'H&S__UK__B074VWN2SN' 'Espring__DE__B08YK68R6M' 'Espring__IT__B07SNF9BKP'
 'H&S__DE__B06Y4ND4LX' 'Espring__ES__B01J3WOZ4M' 'Espring__ES__B01AM85KWW'
 'H&S__US__B071LJBPNT' 'Espring__DE__B08B8GDLSH' 'Espring__IT__B01LPSMHS8'
 'Espring__IT__B01HXX8RVA' 'H&S__UK__B01MRVUOAB' 'H&S__UK__B06Y4S6ZCP'
 'H&S__UK__B07FQ4RB6V' 'H&S__ES__B07JHNHW2K' 'Espring__DE__B07T234J87'
 'H&S__IT__B071WJFD25' 'H&S__DE__B01MSWD3MC' 'Espring__DE__B07FT9R697'
 'H&S__UK__B07WTXZ2JC' 'Espring__DE__B08CGYF2L5' 'H&S__UK__B07F1WVSWR'
 'H&S__UK__B00MVG3X6Y' 'Espring__DE__B01JP1QDKU' 'Tritart__UK__B083KBDRSW'
 'Espring__IT__B01JP1QDKU' 'Espring__DE__B07FT9FHCR'
 'Espring__US__B08N18QKFK' 'H&S__UK__B00NBCCR0A' 'Espring__DE__B0872W1YTK'
 'H&S__DE__B06Y4ND43F' 'Espring__DE__B01NCB0U5K' 'Espring__ES__B01HXOSRYG'
 'Espring__IT__B019XTF03U' 'Espring__IT__B01G488QPC' 'H&S__IT__B07DPTK7FG'
 'Espring__DE__B0872XDGWW' 'Espring__ES__B08NDVT5TR' 'H&S__IT__B01MRVUOAB'
 'H&S__US__B07QV6S7N3' 'H&S__ES__B071WJFD25' 'Espring__UK__B01HXX8RVA'
 'H&S__IT__B06Y4S6ZCP' 'Espring__DE__B01LAUQ91M' 'H&S__UK__B06Y6F2W4Z'
 'H&S__DE__B071WJFD25' 'Espring__ES__B07SNF9BKP' 'H&S__ES__B01MRVUOAB'
 'H&S__US__B06Y4S6ZCP' 'H&S__UK__B071WJFD25' 'H&S__IT__B074VWN2SN'
 'Espring__US__B08B8GDLSH' 'H&S__ES__B072BBQ3M5' 'H&S__US__B072BBQ3M5'
 'H&S__ES__B06Y4S6ZCP' 'H&S__DE__B07DPTK7FG' 'H&S__UK__B01MCT751U'
 'H&S__US__B071WJFD25' 'H&S__US__B07JHNHW2K' 'Espring__DE__B07ZP7C22T'
 'Espring__DE__B018ASUHVU' 'Tritart__DE__B07NTY3D93'
 'Espring__DE__B07TQSP4Y5' 'Espring__US__B07TMN2NY5' 'H&S__UK__B06Y4ND4LX'
 'Espring__ES__B07TQSP4Y5' 'H&S__DE__B07WTXZ2JC' 'H&S__UK__B07DPTK7FG'
 'Tritart__US__B083KBDRSW' 'Espring__DE__B01MQWUQZH'
 'Espring__DE__B01K4R2FWY' 'Espring__US__B07TQSP4Y5'
 'Espring__US__B01HXOSRYG' 'H&S__IT__B01MSWD3MC' 'Espring__DE__B01J3WOZ4M'
 'H&S__IT__B07DZHXPL6' 'Espring__IT__B07TMN2NY5' 'H&S__UK__B01MSWD3MC'
 'Espring__IT__B018ASUHVU' 'H&S__DE__B07QV6S7N3' 'Espring__US__B0872XDGWW'
 'H&S__IT__B07QV6S7N3' 'Espring__ES__B08CGYF2L5' 'Espring__ES__B01HXX8RVA'
 'H&S__DE__B072BBQ3M5' 'Espring__DE__B01G488QPC' 'Tritart__ES__B083KBDRSW'
 'Espring__US__B08N18NFPW' 'Tritart__US__B085TLR7QG'
 'Espring__DE__B01F7TT4I2' 'H&S__ES__B06Y6F2W4Z' 'H&S__PL__B01MCT751U'
 'H&S__IT__B01MCT751U' 'H&S__ES__B06WD53P6D' 'Espring__ES__B01LPSMHS8'
 'H&S__PL__B074VWN2SN' 'Espring__ES__B0872W1YTK' 'Espring__IT__B01MQWUQZH'
 'Espring__DE__B084BWY8FP' 'H&S__IT__B071LJBPNT' 'Tritart__DE__B083KBDRSW'
 'H&S__UK__B07CG63DK7' 'Espring__DE__B019XTF03U' 'Tritart__DE__B08Q47DRVR'
 'Espring__DE__B07SNF9BKP' 'H&S__UK__B06Y4ND43F' 'Tritart__DE__B07PNX2XJF'
 'H&S__US__B01MSWD3MC' 'Espring__US__B01JP1QDKU' 'H&S__DE__B071LJBPNT'
 'H&S__ES__B06Y4ND4LX' 'Espring__IT__B01LAUQ91M' 'H&S__IT__B07JHNHW2K'
 'H&S__US__B00NBCCR0A' 'Espring__ES__B07TMN2NY5' 'Espring__ES__B018I2NCBA'
 'H&S__DE__B01MCT751U' 'Espring__ES__B01M8GI87J' 'Espring__DE__B07TXKGRX7'
 'Espring__ES__B084BWY8FP' 'H&S__US__B06Y4ND43F' 'Espring__IT__B07TQSP4Y5'
 'Espring__IT__B01M8GI87J' 'Espring__ES__B01LAUQ91M'
 'Espring__IT__B08CGYF2L5' 'H&S__US__B07CG63DK7' 'Espring__ES__B08HM2VGX9'
 'Espring__IT__B01HXOSRYG' 'H&S__UK__B071LJBPNT' 'Espring__US__B01LAUQ91M'
 'H&S__DE__B07JHNHW2K' 'Tritart__DE__B085TLR7QG' 'H&S__ES__B07QV6S7N3'
 'H&S__UK__B072BBQ3M5' 'H&S__US__B01MCT751U' 'H&S__UK__B07QV6S7N3'
 'Espring__US__B0872W1YTK' 'H&S__US__B074VWN2SN' 'Espring__DE__B01HXX8RVA'
 'Espring__IT__B01K4R2FWY' 'H&S__PL__B072BBQ3M5' 'Tritart__DE__B08Q3BSVTM'
 'H&S__DE__B00NBCCR0A' 'H&S__IT__B072BBQ3M5' 'Espring__DE__B07TMN2NY5'
 'H&S__ES__B01MCT751U' 'Tritart__IT__B083KBDRSW' 'H&S__DE__B06Y4S6ZCP'
 'H&S__IT__B07WTXZ2JC' 'H&S__DE__B074VWN2SN' 'Espring__ES__B01JP1QDKU'
 'H&S__US__B07DPTK7FG' 'H&S__DE__B06Y6F2W4Z' 'Espring__IT__B01AAJOVH8'
 'Espring__DE__B01HXOSRYG' 'H&S__ES__B074VWN2SN' 'Espring__US__B07SNF9BKP'
 'Espring__IT__B01J3WOZ4M' 'Espring__ES__B019XTF03U'
 'Tritart__DE__B08WWNH8XF' 'Espring__ES__B08YK68R6M']"
2,192,"['Espring__ES__B098XCZZ3Q' 'H&S__DE__B07GN1J9RV' 'H&S__US__B071KX221S'
 'Espring__IT__B01IHT0V18' 'Espring__DE__B08ZXT53T4'
 'Espring__US__B01JIVXOUO' 'Espring__DE__B015H6NFPS' 'H&S__UK__B07GBK5SQL'
 'H&S__ES__B071KX221S' 'Espring__ES__B019IYUZ1W' 'H&S__US__B07S5KW5WQ'
 'H&S__DE__B072Q35687' 'Espring__IT__B01HMJ2OF0' 'Espring__US__B01HZDQ5Q2'
 'Espring__US__B098XG9G97' 'Espring__IT__B01LQ4CZ3S'
 'Espring__ES__B092JHRZ4H' 'Espring__ES__B01LXCW0VK' 'H&S__DE__B0721JH8PH'
 'Espring__ES__B01LQ4CZ3S' 'H&S__DE__B06Y4JMTWV' 'H&S__DE__B071KX221S'
 'Espring__US__B0193JCAKG' 'Espring__US__B098XCZZ3Q' 'H&S__UK__B06W2GK4N9'
 'Espring__IT__B014TDD6OU' 'H&S__UK__B06Y2MZH39' 'Espring__ES__B015H6NFPS'
 'Espring__ES__B018I2DWPQ' 'Espring__DE__B01J7YPHCU'
 'Espring__DE__B071LHTNJP' 'H&S__UK__B01NBTJL36' 'H&S__IT__B07S5KW5WQ'
 'Espring__US__B09FLHCNMQ' 'Espring__DE__B09WJ1JKWP' 'H&S__US__B06Y2MZH39'
 'Espring__IT__B018I2DWPQ' 'Espring__US__B08JCVX1WY'
 'Espring__DE__B019DWX2Y6' 'Tritart__IT__B072HKHJJS'
 'Espring__ES__B0727Q3H5D' 'Espring__IT__B0144EOR7E'
 'Espring__DE__B08D6GR44H' 'Espring__DE__B088MFTGV5' 'H&S__ES__B07GBK5SQL'
 'H&S__UK__B07DW4QJX7' 'Espring__IT__B01LNDMWQC' 'Espring__DE__B015FX4ZZ2'
 'H&S__UK__B07BMZGV4Z' 'H&S__ES__B07S5KW5WQ' 'H&S__ES__B07N8BLMZ7'
 'Espring__DE__B01JIVXOUO' 'H&S__IT__B0791GDKBP' 'H&S__IT__B06Y4JMTWV'
 'Espring__ES__B01HFJEZ68' 'H&S__US__B07BMZGV4Z' 'Espring__DE__B084VT3XM3'
 'Espring__DE__B07T9JV9KP' 'Espring__DE__B08D6GMSG1'
 'Espring__DE__B01HFJEZ68' 'Tritart__DE__B072HKHJJS'
 'Espring__IT__B08FDXN154' 'H&S__DE__B01M2Y5TFQ' 'Espring__IT__B019XSNG96'
 'H&S__IT__B07JWL5DHB' 'Espring__IT__B07GPPQKCK' 'H&S__US__B016JQDRNU'
 'H&S__UK__B07DLMXHM1' 'H&S__ES__B0721JH8PH' 'Espring__DE__B07PRQTQ8H'
 'Espring__ES__B019Y5U1G4' 'Espring__DE__B01IHT0V18'
 'Espring__DE__B07QVZWD4W' 'Espring__ES__B07QVZWD4W' 'H&S__IT__B06Y2MZH39'
 'H&S__DE__B07GBK5SQL' 'H&S__UK__B07GN1J9RV' 'Espring__ES__B0144EOR7E'
 'H&S__ES__B016JQDRNU' 'H&S__US__B07N8BLMZ7' 'H&S__DE__B06Y2MZH39'
 'H&S__DE__B016JQDRNU' 'Espring__US__B014TDD6OU' 'Espring__IT__B015H6NFPS'
 'Espring__DE__B0727Q3H5D' 'Espring__DE__B0875PQLS9'
 'Espring__DE__B019XU7QLS' 'Espring__IT__B01J7YPHCU'
 'Espring__DE__B08LL4V6MD' 'Espring__DE__B017DIQL0O'
 'Espring__ES__B014TDD6OU' 'Espring__ES__B09BHPLJ35' 'H&S__UK__B06Y4JMTWV'
 'Espring__DE__B08FDXN154' 'H&S__US__B01M2Y5TFQ' 'H&S__PL__B016LHY28G'
 'H&S__US__B06W2GK4N9' 'H&S__UK__B0791GDKBP' 'Espring__DE__B019XSNG96'
 'Espring__ES__B01K1ZD6HC' 'H&S__DE__B07JWL5DHB' 'H&S__UK__B07S5JTFYG'
 'Espring__IT__B08LL4V6MD' 'Espring__IT__B08D6GR44H' 'H&S__DE__B07S5KW5WQ'
 'H&S__ES__B016LHY28G' 'Espring__ES__B019XSNG96' 'Espring__US__B09FLKHDTW'
 'H&S__IT__B016JQDRNU' 'Espring__US__B098XFGXM4' 'H&S__IT__B0721JH8PH'
 'Espring__US__B019XSNG96' 'H&S__US__B07GN1J9RV' 'Espring__US__B092JHRZ4H'
 'Espring__DE__B01H723G6S' 'Espring__IT__B07QVZWD4W'
 'Espring__DE__B08LDJBF86' 'Espring__DE__B01G6UPTUI'
 'Espring__US__B098XFYB62' 'Espring__DE__B08JCVX1WY' 'H&S__UK__B07RD69YX8'
 'H&S__IT__B07N8BLMZ7' 'Espring__IT__B0711HDC9L' 'Espring__US__B08FDXN154'
 'H&S__UK__B07S5KW5WQ' 'H&S__UK__B073ZQFKV4' 'H&S__ES__B0791GDKBP'
 'Espring__DE__B09BHRB99F' 'Espring__DE__B0144EOR7E'
 'Espring__ES__B09FLHCNMQ' 'Espring__ES__B071YVMZV4'
 'Espring__US__B071LHTNJP' 'H&S__IT__B016LHY28G' 'H&S__DE__B016LHY28G'
 'Espring__DE__B08Z9ZD2ZY' 'Espring__ES__B09FLKHDTW'
 'Espring__DE__B07PRRK9B1' 'Espring__ES__B098XFYB62'
 'Espring__ES__B08FDXN154' 'Espring__DE__B08LL98VSZ'
 'Espring__ES__B0711HDC9L' 'Espring__US__B01G6UPTUI'
 'Espring__ES__B015FX4ZZ2' 'H&S__UK__B0721JH8PH' 'H&S__UK__B07N8BLMZ7'
 'Espring__US__B08LDJBF86' 'Espring__UK__B071LHTNJP' 'H&S__UK__B071KX221S'
 'Espring__DE__B09BHPLJ35' 'Espring__US__B0875PQLS9'
 'Espring__DE__B0193JCAKG' 'Espring__DE__B01LQ4CZ3S' 'H&S__UK__B01HS5ASGK'
 'Espring__ES__B07TRLKYG6' 'Espring__IT__B017DIQL0O'
 'Espring__DE__B014TDD6OU' 'Tritart__ES__B072HKHJJS' 'H&S__UK__B016JQDRNU'
 'Espring__DE__B07PQQRS2T' 'H&S__UK__B01M2Y5TFQ' 'Espring__ES__B017DIQL0O'
 'Tritart__US__B072HKHJJS' 'Espring__DE__B071YVMZV4' 'H&S__US__B078X394PF'
 'Espring__IT__B015FX4ZZ2' 'H&S__IT__B01M2Y5TFQ' 'H&S__DE__B07N8BLMZ7'
 'H&S__ES__B06Y2MZH39' 'H&S__UK__B07S732NKF' 'Espring__DE__B019Y5U1G4'
 'Espring__DE__B01HZDQ5Q2' 'Espring__ES__B09BHRB99F'
 'Espring__ES__B014TDD6P4' 'Espring__DE__B08J3T116Q' 'H&S__UK__B072Q35687'
 'Espring__DE__B01991A32K' 'Espring__IT__B0727Q3H5D' 'H&S__UK__B07GN3J56J'
 'H&S__ES__B01M2Y5TFQ' 'H&S__UK__B016LHY28G' 'Espring__IT__B01K1ZD6HC'
 'Espring__DE__B07PQQRNBM' 'Espring__ES__B01991A32K'
 'Espring__DE__B088NQYHK5' 'Espring__DE__B07GPPQKCK'
 'Espring__DE__B01LXCW0VK' 'Espring__DE__B018I2DWPQ'
 'Espring__ES__B098XFGXM4' 'H&S__UK__B07JWL5DHB' 'H&S__IT__B07GN1J9RV'
 'H&S__UK__B078X394PF' 'H&S__UK__B07RF6S3K3']"
3,74,"['Espring__IT__B086T37ZV1' 'H&S__UK__B07GZ818S1' 'H&S__DE__B00C01Z4BC'
 'Tritart__UK__B073WNN94R' 'H&S__UK__B07CKHXWR9' 'H&S__DE__B07CPD18VZ'
 'H&S__IT__B00BVUIVYU' 'H&S__ES__B07DK6L9N7' 'H&S__ES__B07DZHXPL6'
 'Tritart__US__B074LTCT6C' 'H&S__DE__B07GZ818S1' 'Espring__ES__B092D6Z5S6'
 'H&S__DE__B07DZHXPL6' 'H&S__ES__B07CHDHCMR' 'Espring__IT__B0193JCAKG'
 'H&S__IT__B07CPD18VZ' 'H&S__ES__B07GZ9GH8T' 'H&S__US__B07CHDHCMR'
 'H&S__UK__B07DPRTTQ9' 'H&S__US__B073ZQFKV4' 'H&S__UK__B07DZHXPL6'
 'Espring__ES__B08DJ4WZWQ' 'H&S__PL__B07DZHXPL6' 'H&S__UK__B07CPD18VZ'
 'H&S__US__B07RF6S3K3' 'H&S__ES__B00C01Z4BC' 'H&S__DE__B07CHDHCMR'
 'H&S__DE__B06WD53P6D' 'H&S__IT__B06WD53P6D' 'H&S__DE__B07RF6S3K3'
 'Espring__DE__B08DJ4WZWQ' 'H&S__UK__B07CHDHCMR' 'H&S__DE__B073ZQFKV4'
 'H&S__DE__B01MRVUOAB' 'H&S__US__B06WD53P6D' 'H&S__ES__B00BVUIVYU'
 'H&S__IT__B07CKHXWR9' 'H&S__IT__B07GZ9GH8T' 'H&S__IT__B07CHDHCMR'
 'H&S__UK__B07DZ9L7KS' 'Espring__ES__B019DWX2Y6' 'Espring__ES__B07LB1FXB4'
 'H&S__DE__B07DPRTTQ9' 'Espring__US__B08DJ4WZWQ' 'H&S__US__B07DPRTTQ9'
 'Espring__ES__B01MA1M403' 'H&S__ES__B07CPD18VZ' 'Espring__DE__B092D4P7SL'
 'H&S__US__B00BVUIVYU' 'Espring__ES__B092R75512' 'Tritart__DE__B073WNN94R'
 'H&S__UK__B00BVUIVYU' 'H&S__US__B07GZ9GH8T' 'H&S__ES__B07CKHXWR9'
 'Espring__IT__B01IF16N8I' 'H&S__DE__B07CKHXWR9' 'H&S__IT__B06XRQ33CC'
 'H&S__US__B06XRQ33CC' 'Espring__ES__B092D4P7SL' 'H&S__IT__B073ZQFKV4'
 'Tritart__US__B073WNN94R' 'H&S__DE__B00BVUIVYU' 'Espring__IT__B019DWX2Y6'
 'Tritart__DE__B074LTCT6C' 'H&S__DE__B06XRQ33CC' 'Espring__ES__B09C8JHT9L'
 'H&S__UK__B06WD53P6D' 'H&S__DE__B07GZ9GH8T' 'H&S__UK__B00C01Z4BC'
 'H&S__US__B07DZ9L7KS' 'Tritart__UK__B074LTCT6C' 'H&S__UK__B06XRQ33CC'
 'H&S__US__B01MRVUOAB' 'H&S__US__B07CKHXWR9']"
4,120,"['H&S__US__B07GTF236R' 'H&S__UK__B00C1S9C4Y' 'Espring__DE__B071W1B6L3'
 'H&S__UK__B01G9KXXGM' 'H&S__IT__B00C1S9C4Y' 'H&S__US__B00TY0BZ56'
 'H&S__US__B00C13AZFE' 'H&S__ES__B00TY0BZ56' 'H&S__DE__B00TY0BZ56'
 'Espring__ES__B071W1B6L3' 'H&S__DE__B07J5SM2HC' 'H&S__DE__B0791GDKBP'
 'H&S__IT__B01MSWBUX5' 'H&S__ES__B07GKV4789' 'H&S__IT__B07GTF236R'
 'H&S__UK__B00C13AZEA' 'Espring__US__B01IRAN2R2' 'H&S__UK__B00C13AZFE'
 'H&S__US__B07TKCV8HT' 'Espring__DE__B01IRAN2R2' 'H&S__UK__B00C13AZEK'
 'Espring__IT__B01M15S063' 'Espring__DE__B07TTMNMLP'
 'Espring__ES__B093SYNCB3' 'Espring__DE__B07X2L2YSH'
 'Espring__ES__B07PXT4CKX' 'H&S__UK__B07FMDHYCK' 'H&S__ES__B07FMDHYCK'
 'Espring__ES__B01JA6LPJE' 'Espring__DE__B09GY9XQ76'
 'Espring__ES__B014TDD94W' 'H&S__UK__B07GTF236R' 'H&S__PL__B07GKV4789'
 'H&S__DE__B07GKV4789' 'H&S__UK__B07GKV4789' 'Espring__US__B071W1B6L3'
 'Espring__US__B07TTMNMLP' 'Espring__DE__B07PXT4CKX'
 'Espring__IT__B014TDD94W' 'H&S__UK__B06Y4XSC22' 'Espring__IT__B01I9P24BK'
 'H&S__US__B07D26LYLH' 'H&S__UK__B018OMJGCS' 'Espring__DE__B07X3KHZFV'
 'H&S__UK__B01648O8CM' 'H&S__IT__B00C13AZEA' 'Espring__ES__B07SYKTLG9'
 'Espring__DE__B07WZGLMMN' 'Espring__IT__B07PXT4CKX' 'H&S__IT__B00C13AZFE'
 'Espring__IT__B01IRAN2R2' 'Espring__US__B07NVDQCKB'
 'Espring__DE__B01JA6LPJE' 'Espring__US__B01JA6LPJE'
 'Espring__DE__B093SYNCB3' 'H&S__US__B07J5SM2HC' 'Espring__ES__B01I9P24BK'
 'Espring__DE__B014TDD94W' 'Espring__IT__B01ICXZED4' 'H&S__UK__B00TY0BZ56'
 'Espring__US__B01HFIOUJG' 'H&S__US__B00C1S9C4Y' 'H&S__ES__B07GTF236R'
 'Espring__IT__B071W1B6L3' 'Espring__UK__B01JA6LPJE' 'H&S__ES__B07J5SM2HC'
 'Espring__DE__B08B3V248T' 'H&S__IT__B07GKV4789' 'H&S__IT__B01648O8CM'
 'Espring__US__B07Q4C2Y7K' 'H&S__US__B01MSWBUX5' 'Espring__DE__B088RD39YR'
 'H&S__ES__B01MSWBUX5' 'Espring__US__B01JAAUA0U' 'H&S__US__B00C13AZEA'
 'H&S__ES__B00C13AZEA' 'Espring__ES__B01HFIOUJG' 'Espring__IT__B01JA6LPJE'
 'H&S__DE__B00C13AZEK' 'H&S__DE__B07FMDHYCK' 'H&S__IT__B00TY0BZ56'
 'Espring__DE__B07SYKTLG9' 'Espring__ES__B01IRAN2R2'
 'Espring__ES__B01ICXZED4' 'H&S__ES__B00C1S9C4Y' 'H&S__DE__B00C1S9C4Y'
 'Espring__DE__B01HFIOUJG' 'Espring__DE__B07WPW5TGJ' 'H&S__UK__B07J5SM2HC'
 'Espring__US__B08B3V248T' 'Espring__IT__B07Q4C2Y7K' 'H&S__DE__B01648O8CM'
 'H&S__ES__B00C13AZFE' 'Espring__ES__B07Q4C2Y7K' 'Espring__DE__B01I9P24BK'
 'H&S__PL__B00C13AZEK' 'H&S__DE__B00C13AZEA' 'H&S__UK__B01MSWBUX5'
 'H&S__US__B00C13AZEK' 'Espring__IT__B01JAAUA0U' 'H&S__DE__B07GTF236R'
 'H&S__IT__B07FMDHYCK' 'H&S__UK__B07D26LYLH' 'H&S__DE__B00C13AZFE'
 'H&S__IT__B00C13AZEK' 'H&S__US__B018OMJGCS' 'H&S__ES__B01648O8CM'
 'H&S__DE__B01MSWBUX5' 'H&S__ES__B00C13AZEK' 'H&S__UK__B07TKCV8HT'
 'Espring__DE__B084WS4SRY' 'H&S__DE__B018OMJGCS' 'Espring__ES__B09GY9XQ76'
 'H&S__US__B01648O8CM' 'H&S__US__B07GKV4789' 'Espring__DE__B01ICXZED4'
 'H&S__ES__B018OMJGCS' 'Espring__DE__B088RDPTJH' 'Espring__ES__B01JAAUA0U'
 'H&S__US__B0791GDKBP']"
5,119,"['H&S__DE__B07TN75FC1' 'Espring__ES__B09LVD6J4C' 'Espring__IT__B07V6LNFZQ'
 'Espring__IT__B07YZCZLW5' 'H&S__ES__B071XNQZJ7' 'Espring__DE__B07V2B47V3'
 'H&S__US__B016AHAPJC' 'H&S__IT__B01N8XWTUI' 'Espring__DE__B088MGYR8K'
 'Espring__DE__B07V4G5TJK' 'Espring__ES__B09LVF7X3D'
 'Espring__ES__B09LVCLKB2' 'Espring__DE__B01N3SL15M' 'H&S__US__B01M8K6DZ2'
 'H&S__US__B0739F745J' 'H&S__DE__B071XNQZJ7' 'Espring__ES__B01HBA2IM4'
 'Espring__ES__B08ZC82Q8Q' 'H&S__ES__B016CQV2E8' 'H&S__ES__B01M7RJXEE'
 'Espring__ES__B09LVB5HM6' 'H&S__US__B01N8XWTUI' 'Espring__DE__B07V2B55JH'
 'H&S__US__B01N3UZDFH' 'H&S__IT__B016AHAPJC' 'H&S__DE__B01M7RJXEE'
 'H&S__US__B078X4KLL3' 'Espring__US__B08J45NYBM' 'Espring__DE__B08J45NYBM'
 'H&S__UK__B00BVG3JMS' 'H&S__DE__B07GTRCT4Z' 'H&S__US__B06XY55WTJ'
 'H&S__DE__B016CQV2E8' 'Espring__ES__B07V3FWL34' 'H&S__IT__B01M7RJXEE'
 'H&S__DE__B01M8K6DZ2' 'Espring__DE__B01HBA2IM4' 'H&S__UK__B07GTRCT4Z'
 'Espring__DE__B01GK3YTG6' 'H&S__DE__B00BVG3JMS' 'Espring__ES__B01LW463CQ'
 'Espring__DE__B07V4G6K18' 'H&S__UK__B01M8K6DZ2' 'H&S__DE__B016KSQ5F4'
 'Espring__DE__B07V5GJ2QR' 'Espring__DE__B07RLM8RRX'
 'Espring__IT__B01HBA2IM4' 'Espring__DE__B07V6LGKXG' 'H&S__ES__B01N8XWTUI'
 'Espring__DE__B07V6LYQKK' 'Espring__ES__B08ZCFXZ4H'
 'Espring__DE__B01MRE01HV' 'Espring__US__B01HBA2IM4'
 'Espring__DE__B07YZCZLW5' 'H&S__UK__B01LW0UMHZ' 'H&S__UK__B07TN75FC1'
 'Espring__DE__B09LVD47W6' 'Espring__DE__B09LVD7TV4'
 'Espring__ES__B08ZCH8XBV' 'H&S__DE__B01N3UZDFH' 'Espring__IT__B07V2B47V3'
 'H&S__US__B07TN75FC1' 'H&S__DE__B01N8XWTUI' 'Espring__DE__B09LVCLKB2'
 'Espring__DE__B07V3FZDD1' 'Espring__ES__B08ZC7KBXJ'
 'Espring__DE__B01I1HQNFE' 'H&S__UK__B01M2Z0O2H' 'H&S__IT__B07TN75FC1'
 'Espring__ES__B07V4G6K18' 'Espring__ES__B01HFIONTS' 'H&S__US__B00BVG3JMS'
 'Espring__DE__B01MFI35BI' 'H&S__UK__B06XY55WTJ' 'H&S__UK__B01M7RJXEE'
 'H&S__US__B016KSQ5F4' 'H&S__US__B071XNQZJ7' 'Espring__ES__B09LVD7TV4'
 'H&S__UK__B071XNQZJ7' 'H&S__ES__B07GTRCT4Z' 'Espring__DE__B09LVD6J4C'
 'Espring__DE__B07V3FWL34' 'Espring__ES__B08ZC7T9FZ'
 'Espring__ES__B01GK3YTG6' 'H&S__DE__B016AHAPJC' 'H&S__ES__B07TN75FC1'
 'H&S__US__B016CQV2E8' 'H&S__IT__B00BVG3JMS' 'Espring__DE__B07V6LNFZQ'
 'Espring__IT__B01GK3YTG6' 'H&S__UK__B01N8XWTUI' 'H&S__ES__B016AHAPJC'
 'H&S__US__B07GTRCT4Z' 'H&S__UK__B07FW3X7CQ' 'H&S__IT__B01M8K6DZ2'
 'H&S__UK__B016CQV2E8' 'Espring__DE__B088MF482R' 'H&S__IT__B016CQV2E8'
 'H&S__UK__B00DHPM6GG' 'H&S__IT__B016KSQ5F4' 'Espring__DE__B09LVB5HM6'
 'H&S__US__B00DHPM6GG' 'H&S__ES__B00BVG3JMS' 'Espring__DE__B01H2A42C2'
 'Espring__DE__B09LVF7X3D' 'H&S__UK__B016AHAPJC' 'Espring__IT__B01LW463CQ'
 'Espring__DE__B01HFIONTS' 'Espring__DE__B01N1F59Q4' 'H&S__UK__B016KSQ5F4'
 'H&S__ES__B016KSQ5F4' 'Espring__ES__B01MCWLB30' 'H&S__ES__B01M8K6DZ2'
 'H&S__PL__B07TN75FC1' 'Espring__ES__B09LVD47W6' 'H&S__IT__B07GTRCT4Z'
 'Espring__IT__B01N3SL15M' 'H&S__US__B01M7RJXEE' 'H&S__IT__B071XNQZJ7']"
6,75,"['Tritart__DE__B073WBT4V7' 'H&S__UK__B0739F745J' 'H&S__US__B07DW7R9V8'
 'H&S__ES__B07RLJBB1N' 'H&S__ES__B01MY6R11P' 'H&S__DE__B07DW7R9V8'
 'H&S__UK__B07DW7R9V8' 'Tritart__IT__B073WBT4V7' 'H&S__IT__B06Y51KHKW'
 'Tritart__DE__B08DD1R735' 'Tritart__DE__B085H4Z36Y'
 'Espring__IT__B01N7RK458' 'H&S__US__B06XS97SKH' 'H&S__UK__B072LXQPCH'
 'H&S__DE__B06Y51KHKW' 'H&S__DE__B07D25PJS4' 'H&S__DE__B06XS97SKH'
 'H&S__US__B07CNDR86T' 'H&S__ES__B07D25PJS4' 'H&S__UK__B06XS97SKH'
 'H&S__IT__B06XVJL3NP' 'H&S__UK__B078X4KLL3' 'Espring__ES__B09M77GSNH'
 'Tritart__ES__B073WBT4V7' 'H&S__DE__B072LXQPCH' 'H&S__ES__B07DW7R9V8'
 'Espring__DE__B09M77GSNH' 'H&S__IT__B07RLJBB1N' 'H&S__UK__B07CNDR86T'
 'H&S__US__B06Y51KHKW' 'H&S__DE__B078X5N2K1' 'Espring__US__B01CGDQMDM'
 'Espring__ES__B01M717W8W' 'H&S__IT__B00K1Q9HIE' 'H&S__UK__B07D25PJS4'
 'Espring__IT__B01CGDQMDM' 'H&S__US__B01MY6R11P' 'H&S__US__B06XVJL3NP'
 'H&S__US__B078X5N2K1' 'Espring__UK__B01CGDQMDM' 'H&S__UK__B07MVH416B'
 'H&S__IT__B01MY6R11P' 'Espring__IT__B01FWEBV6K' 'H&S__IT__B072LXQPCH'
 'H&S__US__B072LXQPCH' 'H&S__US__B01NAHVSFS' 'H&S__US__B00K1Q9HIE'
 'H&S__ES__B06XS97SKH' 'H&S__UK__B06XVJL3NP' 'H&S__DE__B07CNDR86T'
 'Espring__IT__B01KKAWI72' 'Espring__DE__B01CGDQMDM'
 'Espring__DE__B09M76QR53' 'H&S__DE__B07RLJBB1N' 'Espring__IT__B01HXVPJ68'
 'H&S__US__B07RLJBB1N' 'H&S__UK__B078X5N2K1' 'H&S__UK__B07RLJBB1N'
 'H&S__ES__B078X5N2K1' 'H&S__ES__B00K1Q9HIE' 'H&S__DE__B01NAHVSFS'
 'H&S__UK__B00K1Q9HIE' 'H&S__ES__B072LXQPCH' 'H&S__UK__B01NAHVSFS'
 'H&S__UK__B06Y51KHKW' 'H&S__DE__B06XVJL3NP' 'H&S__DE__B01MY6R11P'
 'Espring__US__B08BLS8RZ7' 'H&S__UK__B01MY6R11P' 'H&S__IT__B07D25PJS4'
 'Tritart__DE__B07XYY42F4' 'Espring__ES__B01CGDQMDM' 'H&S__IT__B01NAHVSFS'
 'H&S__IT__B06XS97SKH' 'Espring__ES__B09M76QR53']"
7,133,"['H&S__IT__B017GLNHEG' 'H&S__ES__B01NATTRD3' 'H&S__DE__B00TY1HA18'
 'H&S__UK__B072JVLVPM' 'H&S__UK__B01NATTRD3' 'Espring__IT__B01MUSUMUS'
 'Espring__DE__B01LWJRCVJ' 'H&S__DE__B07G57DPXZ' 'Espring__DE__B01JA9T2N2'
 'H&S__US__B073TRQQQT' 'Espring__US__B01HOA4J5K' 'H&S__IT__B00FHGGUT2'
 'Espring__US__B088RHXFJ4' 'H&S__US__B072JVLVPM' 'H&S__US__B01MXVFWJM'
 'Espring__UK__B017DIQL0O' 'H&S__UK__B017GLNHEG' 'H&S__IT__B01K1135UO'
 'H&S__IT__B01MXVFWJM' 'Espring__DE__B088RHVC9K' 'H&S__DE__B01MXVFWJM'
 'Tritart__DE__B08Q2TZMVD' 'Espring__ES__B07T7N8DP7'
 'Espring__ES__B07T83NWZ5' 'H&S__IT__B072JVLVPM' 'Espring__IT__B01JA9T2N2'
 'H&S__US__B01JXX9960' 'Espring__ES__B01LNDMWQC' 'H&S__UK__B01K1135UO'
 'H&S__ES__B07RSR4B12' 'Espring__DE__B07TLVG7ZP' 'Espring__ES__B07TC4YGQ8'
 'H&S__UK__B07G57DPXZ' 'H&S__US__B01NATTRD3' 'H&S__US__B01K0YPWEY'
 'H&S__UK__B00TY2O8QC' 'Espring__ES__B01LWJRCVJ' 'Espring__PL__B01LWJRCVJ'
 'H&S__DE__B01JXX9960' 'H&S__ES__B00TY1HA18' 'H&S__DE__B073TRQQQT'
 'Espring__ES__B07TC51TS9' 'Espring__DE__B088RHXFJ4' 'H&S__UK__B017GLWKXK'
 'H&S__IT__B00FHGCK32' 'H&S__IT__B07RSR4B12' 'H&S__DE__B00FHGGUT2'
 'H&S__ES__B017GLWKXK' 'H&S__UK__B073TRQQQT' 'Espring__DE__B07T5CJDQ7'
 'H&S__UK__B01JXX9960' 'H&S__US__B07RSR4B12' 'Espring__US__B01JA9T2N2'
 'H&S__IT__B07G57DPXZ' 'H&S__US__B017GLWKXK' 'H&S__IT__B01NATTRD3'
 'H&S__ES__B07M6PRNHG' 'H&S__DE__B00TY2O8QC' 'H&S__DE__B072JVLVPM'
 'H&S__UK__B01N6RJ6VB' 'H&S__IT__B01NBTJL36' 'Espring__DE__B07T7N8DP7'
 'Espring__IT__B01HOA4J5K' 'H&S__DE__B01K0YPWEY' 'Espring__US__B07T83NWZ5'
 'H&S__DE__B01NBTJL36' 'Espring__DE__B09WNXM8T7' 'H&S__US__B01N6RJ6VB'
 'H&S__DE__B017GLNHEG' 'H&S__US__B01NBTJL36' 'H&S__US__B01K1135UO'
 'Espring__US__B07TC4YGQ8' 'H&S__IT__B00TY2O8QC' 'H&S__UK__B07M6PRNHG'
 'H&S__ES__B01NBTJL36' 'Espring__UK__B01HOA4J5K' 'H&S__ES__B073TRQQQT'
 'H&S__DE__B01NATTRD3' 'Espring__ES__B09HQWG145' 'H&S__IT__B017GLWKXK'
 'Espring__ES__B01JA9T2N2' 'Espring__DE__B07RLYF81N' 'H&S__DE__B00FHGCK32'
 'H&S__US__B07G57DPXZ' 'Espring__ES__B01MUSUMUS' 'H&S__IT__B07DK6L9N7'
 'H&S__DE__B07M6PRNHG' 'Espring__UK__B01JA9T2N2' 'Espring__DE__B07TC51TS9'
 'Espring__US__B088RHVC9K' 'H&S__UK__B00TY1HA18' 'Espring__DE__B07TC4YGQ8'
 'H&S__IT__B07M6PRNHG' 'Espring__ES__B09C8HV2R9' 'Espring__DE__B07TP1ZMVN'
 'H&S__ES__B00FHGCK32' 'H&S__UK__B01MXVFWJM' 'H&S__US__B00BVTF9GE'
 'Espring__IT__B07RLYF81N' 'H&S__ES__B017GLNHEG' 'H&S__US__B00TY2O8QC'
 'H&S__IT__B01K0YPWEY' 'Espring__ES__B07RLYF81N' 'H&S__UK__B07RSR4B12'
 'H&S__ES__B00FHGGUT2' 'H&S__UK__B01K0YPWEY' 'H&S__IT__B00TY1HA18'
 'Espring__US__B07TC51TS9' 'H&S__DE__B07RSR4B12' 'Espring__ES__B07FYK6FZ3'
 'Espring__UK__B01LWJRCVJ' 'Tritart__DE__B08Q3CP2J5'
 'Espring__US__B07T7N8DP7' 'H&S__UK__B00FHGCK32' 'H&S__US__B07M6PRNHG'
 'H&S__DE__B01K1135UO' 'Espring__ES__B01HOA4J5K' 'H&S__ES__B00TY2O8QC'
 'H&S__PL__B01NATTRD3' 'H&S__ES__B01K1135UO' 'H&S__ES__B01MXVFWJM'
 'H&S__UK__B00FHGGUT2' 'H&S__ES__B01K0YPWEY' 'H&S__US__B017GLNHEG'
 'Espring__IT__B01LWJRCVJ' 'H&S__US__B00TY1HA18' 'Espring__DE__B01HOA4J5K'
 'Espring__DE__B07T83NWZ5' 'Tritart__DE__B073XSJMK5' 'H&S__US__B00FHGGUT2'
 'H&S__DE__B017GLWKXK' 'H&S__ES__B072JVLVPM' 'H&S__IT__B07GBK5SQL']"
